protein,log2_fold_change,infected_vs_control_p.adj
A0A5F9CU52,4.947650124,2.32E-13
A0A5F9DB66,-5.270349579,8.11E-13
A0A5F9C0P4,-4.783562475,3.71E-11
P01840,-5.154735535,4.92E-08
G1T6X2,-4.005605269,5.19E-06
A0A5F9DTZ2,-3.439822562,2.08E-05
G1U6Q9,-4.072927048,2.17E-05
G1SP46,4.828853235,0.000237
G1SN68,3.143019455,0.000258
G1SL68,3.856072918,0.000263
G1T8P3,-3.235752236,0.000271
A0A5F9CFY2,2.760481142,0.000583
A0A5F9DER9,3.290612419,0.000615
G1SML4,3.07532517,0.000615
G1SMD2,4.693528977,0.000616
A0A5F9D973,-2.919180568,0.000866
A0A5F9CYF1,6.332477473,0.00144
G1T2I4,2.242157182,0.00346
G1SHQ7,3.124977455,0.00548
G1T0Q0,-3.018408106,0.00722
G1SD48,-3.471122472,0.00821
A0A5F9DN27,2.939086426,0.0139
G1SVM1,2.895597892,0.0145
G1SV35,3.040714516,0.0151
A0A5F9DI44,-2.960047926,0.0154
G1SIF7,2.804411819,0.0301
G1TJR7,-4.474663605,0.0304
G1SJC1,-3.445255256,0.0328
G1TGI3,5.257896181,0.0328
G1T501,2.916722954,0.0332
A0A5F9CFU9,-2.405961907,0.0473
G1SSX5,2.596747463,0.0522
G1U0B4,-2.321019209,0.0591
G1T545,-3.647959397,0.074
G1T3S1,3.011466146,0.0793
A0A5F9DGC1,2.125608025,0.0818
A0A5F9CRJ4,6.454724193,0.0852
G1TED6,-2.350506259,0.0902
G1SLK6,2.189226267,0.0906
G1TCE2,-3.204831257,0.0952
O97972,-2.193721968,0.0954
A0A5F9DPB8,3.229334883,0.114
G1U754,-2.187037077,0.117
A0A5F9D9E8,3.0082694,0.12
G1SYK4,-2.169879996,0.126
G1TX83,-1.577116914,0.127
A0A5F9DDV7,5.82310125,0.132
G1THZ6,-2.753104114,0.132
G1TV79,-1.798927467,0.135
A0A5F9CJQ2,-3.951381522,0.138
U3KML1,-4.645242044,0.138
A0A5F9CRR4,1.645330527,0.144
P15253,-5.095024155,0.145
A0A5F9D7E3,1.616409847,0.146
P29694,2.00372114,0.149
A0A5F9CSX2,2.187625163,0.153
A0A5F9CQS0,2.373892944,0.154
G1SGX4,1.717248484,0.159
G1TA11,3.387879005,0.174
G1SUY5,-1.384879475,0.175
G1T601,1.998616437,0.181
A0A5F9D9L7,2.351343331,0.195
G1TAF8,-2.18285765,0.203
G1T7I4,3.404138959,0.208
G1SL94,1.44830663,0.213
A0A5F9CNV6,1.564958243,0.214
G1T508,2.149073125,0.214
A0A5F9CUJ0,1.881072641,0.217
G1SXR1,-5.550214829,0.217
G1T127,-2.711898055,0.227
G1T4Z2,1.371381797,0.23
A0A5F9CHQ5,-1.465164168,0.234
A0A5F9C7E2,3.851535491,0.236
G1TWP4,1.225967782,0.236
A0A5F9C9R7,4.525158654,0.237
A0A5F9CN86,1.491703117,0.237
G1SQV5,1.847183074,0.244
A0A5F9CRP6,1.695822686,0.246
G1TGH4,-2.748322134,0.247
A0A5F9D785,1.600512687,0.251
A0A5F9CRE1,-1.646171788,0.254
G1SJJ9,-1.651500089,0.254
G1T3E6,1.549994145,0.263
G1TTK6,1.487918055,0.263
A0A5F9DPZ2,1.476098388,0.265
A0A5F9CMG0,3.13662299,0.269
A0A5F9C6C7,3.397065786,0.27
A0A5F9CB93,2.976169712,0.27
G1SES9,-1.558261913,0.271
G1SLL6,-3.804050205,0.276
G1TVX2,2.401296904,0.285
U3KNH6,1.306667921,0.33
A0A5F9CSS2,3.113989127,0.331
G1T536,3.006285679,0.334
G1SQG6,-1.454967532,0.339
G1SMR7,1.243510707,0.34
G1T2S7,-1.170974604,0.341
G1SSB3,-1.606811428,0.342
A0A5F9CAI5,-2.989966313,0.347
Q9BGN0,-1.356696934,0.347
G1SUI9,-1.476123782,0.348
G1TEG8,2.831426726,0.361
A0A5F9D4S1,2.85147245,0.378
G1U0Z7,1.110245061,0.381
G1TPG3,1.905897597,0.39
P31030,2.067413511,0.402
A0A5F9CNX5,-2.636602035,0.404
G1SVH0,1.163390955,0.42
G1ST24,4.572989078,0.428
G1SWF3,-1.394506093,0.432
G1T4N4,2.889327883,0.438
A0A5F9CHN8,1.750427438,0.446
A0A5F9DU56,3.122316849,0.446
G1SSA2,1.135517659,0.446
A0A5F9CPE8,2.210254757,0.447
G1T705,-1.658347838,0.454
G1SFN1,-1.23595143,0.457
U3KMR2,-3.387820376,0.464
A0A5F9CEF1,1.464402901,0.466
A0A5F9C4P5,-2.301556987,0.488
G1TGB5,2.375594571,0.494
G1SSJ7,3.318505733,0.503
G1T9H0,1.11273119,0.504
G1SZE0,2.069937803,0.508
G1T9S4,2.364231761,0.514
G1T1Z5,-1.579898031,0.519
G1U0J7,-1.439522977,0.522
G1SKJ7,1.033216903,0.525
P15123,2.086384665,0.526
G1SLK2,1.526366741,0.527
G1SJM1,-2.502216304,0.53
G1SVA3,1.976353388,0.533
G1SIK0,-1.317873962,0.535
G1T8H3,1.303515617,0.538
A0A5F9D9E9,1.002614946,0.546
G1T704,1.008966774,0.547
A0A5F9CSX3,-1.421923467,0.557
Q8MK67,-1.388702704,0.558
G1SPB6,3.298095618,0.559
G1T8M9,1.899260005,0.559
A0A5F9DS95,4.982600274,0.562
A0A5F9D6S8,-1.239756753,0.564
G1TDU0,1.668416663,0.566
G1SFH6,-1.137930704,0.57
G1SEF5,-1.845363106,0.571
G1T4Q9,1.282161898,0.577
A0A5F9DUG2,-2.726519174,0.581
G1SSY8,-1.519147775,0.583
A0A5F9CWM1,-0.980803978,0.584
A0A5F9C0X6,-1.559048613,0.586
G1TE88,1.099536941,0.59
G1U7I9,-0.862490138,0.591
G1SNS0,1.361474934,0.594
P02251,-1.283077112,0.595
A0A5F9DHY5,4.128101713,0.612
G1U8P2,-1.900064934,0.612
G1SN11,3.649778655,0.614
G1TG89,-0.901076839,0.615
G1SL60,-1.947258414,0.616
G1TDS8,-2.309769053,0.616
G1SHL8,2.685346655,0.618
P12337,-1.132099953,0.618
A0A5F9DAE7,2.324425036,0.62
G1SZN0,1.161502888,0.621
G1SW24,1.187990708,0.626
A0A5F9CUN1,1.027338723,0.63
B7NZF1,-1.332881916,0.634
G1SU71,1.120266845,0.634
G1TDC3,-0.825409991,0.638
G1U153,2.230293281,0.638
G1SKN7,3.237648655,0.64
G1TNI4,3.93312088,0.64
A0A5F9D2Z0,2.349277187,0.642
A0A5F9D911,-1.635763388,0.644
A0A5F9CVG0,1.653585305,0.645
A0A5F9CAU6,-1.08258738,0.646
G1T5B7,2.657841732,0.646
A0A5F9CLT4,-4.275947362,0.647
G1TEM7,-0.956136267,0.648
G1TK30,-0.873159853,0.649
G1T1V5,1.023372933,0.65
G1SGN5,-1.696248697,0.651
P09809,-1.165311918,0.651
G1SW00,1.988274409,0.652
A0A5F9D2H6,2.321114246,0.653
G1T2L1,0.961891281,0.655
G1SN14,1.399676382,0.656
G1STW0,1.117299543,0.658
G1U6S0,-0.969615502,0.658
G1SCK5,-2.038523693,0.659
G1T623,-1.405970521,0.66
A0A5F9DR45,-1.797160175,0.663
G1SDL3,-1.069301222,0.666
A0A5F9CQQ0,1.067820427,0.667
G1TKL2,-1.18256585,0.669
A0A5F9C4Q0,-1.324503743,0.671
G1SUQ9,-0.934594176,0.671
A0A5F9D938,-2.558994728,0.673
G1SPF9,-2.892533704,0.673
G1TRK3,-1.034201273,0.675
G1TY53,0.994743938,0.677
Q9GLC3,-1.093474472,0.677
G1SS69,-2.787270797,0.678
G1SHV9,0.826808477,0.679
G1T8B6,1.017761891,0.68
G1T3I9,1.421781225,0.682
G1SFL7,1.786974345,0.683
A0A5F9DP87,1.04094792,0.684
G1TK85,-2.905945362,0.685
A0A5F9CXN7,-1.442878518,0.688
G1SUT9,0.88701686,0.689
G1SDD6,-1.206883717,0.692
G1T2W1,1.147694936,0.692
G1SS85,4.931460353,0.693
U3KLV2,-1.396347645,0.693
G1SQK0,0.956455661,0.694
G1TA83,-1.193218327,0.698
A0A5F9CG95,-2.669743112,0.699
G1SUC8,2.66199044,0.7
A0A5F9DRX2,1.676522265,0.702
G1T849,-1.342607589,0.702
P25915,1.229911811,0.703
G1SZV5,-1.957703267,0.708
G1STB6,-3.665501074,0.71
A0A5F9CVA7,-1.661918655,0.712
G1TWS0,2.509831861,0.712
G1SM77,1.005295718,0.713
A0A5F9CLC1,0.847292871,0.717
G1T784,-0.866563711,0.717
A0A5F9CP30,-0.952571539,0.718
G1SWD1,-0.8666934,0.718
G1SYH2,1.531200046,0.719
A0A5F9CHF0,-1.94684542,0.723
A0A5F9CMJ3,1.115382597,0.724
P21195,-0.908784399,0.726
A0A5F9DTE8,0.74101436,0.727
G1T0J6,-0.991690386,0.727
P67828,-0.986956228,0.728
A0A5F9DRL9,1.015504344,0.73
G1TUH9,-1.790566641,0.73
P02057,-1.692087531,0.73
G1SV41,2.051761845,0.731
A0A5F9C946,-1.590257403,0.732
A0A5F9CCM8,4.430386417,0.732
G1T0U8,-1.320160783,0.733
G1SER3,3.023535592,0.734
G1U415,-1.24394404,0.734
Q59I72,0.9948586,0.734
G1T2F2,-1.019850971,0.735
G1SN16,-2.07694993,0.737
G1U9S2,-1.660679775,0.738
G1SYJ6,-0.732915738,0.739
A0A5F9CGT3,0.87579885,0.741
A0A5F9DM70,-2.593132577,0.741
A0A5F9DCH7,1.055777231,0.742
G1STG2,0.824471179,0.743
G1SVB3,-3.786865527,0.744
A0A5F9CBD5,2.408730804,0.745
G1SMB0,-1.055586245,0.745
P79398,1.613171845,0.745
A0A5F9DGH8,-0.74410685,0.746
G1SIY9,-0.755477163,0.747
G1TMZ7,0.963620548,0.748
A0A5F9D0W7,0.734029557,0.75
G1T2B1,1.542739197,0.75
G1TRC0,1.335943418,0.75
A0A5F9DAY7,-1.936910731,0.751
G1SRL3,-0.804614191,0.751
G1U9R0,-1.233586723,0.753
P15196,-2.545861277,0.754
A0A5F9CHW6,0.882825049,0.755
G1STJ4,-1.401882252,0.755
P01948,-1.57963311,0.755
G1TXN1,-0.974103539,0.756
G1U2E6,2.894715971,0.756
P48738,-1.034293815,0.756
A0A5F9C9X1,1.140078726,0.757
G1SP80,1.008038188,0.757
G1SHC5,-0.875777785,0.758
G1T2U6,-0.692526743,0.759
A0A5F9CTE3,1.621305325,0.761
G1TUU8,-0.845463865,0.761
G1SLQ3,-3.930708658,0.762
A0A5F9CRI2,0.728865441,0.764
A0A5F9DE32,1.294465572,0.764
G1TF44,1.273450941,0.764
G1SKM5,1.063205823,0.765
G1SPR5,-1.229628226,0.765
A0A5F9CPW7,1.001312135,0.768
G1TSM9,1.589707561,0.768
G1U9R8,-1.383968914,0.768
A0A5F9DKW4,2.175287269,0.77
G1SNB1,-0.877199177,0.771
A0A5F9DF54,-0.781992647,0.775
A0A5F9DQ17,0.773839011,0.776
A0A5F9D311,2.651531693,0.778
A0A5F9DJP3,-1.869808316,0.778
G1SG11,-1.62106042,0.78
G1SQ70,-1.05257446,0.78
G1TDR0,-1.868696121,0.78
P53787,0.733432176,0.78
G1T918,1.975484633,0.781
G1TD31,-2.245987971,0.781
G1SU45,-3.630144128,0.783
G1T364,-0.660124493,0.783
G1SUR4,-0.883959904,0.785
G1TEG4,-1.872503447,0.785
A0A5F9C3B7,-1.279418642,0.786
G1TKN4,1.094380082,0.786
G1TMF8,-1.505920107,0.786
G1T3Y8,-0.624227662,0.788
A0A5F9DRT0,0.73222243,0.79
G1SRF7,-0.69410335,0.791
P80405,-3.079296805,0.791
Q9TTJ6,-0.998645993,0.791
G1TBU9,-0.625248607,0.792
G1TK15,1.284819775,0.792
A0A5F9CUY0,0.802121674,0.793
G1SFD8,-0.736550804,0.793
G1U743,0.983311801,0.794
P00169,-0.842335306,0.794
P12789,-3.085272046,0.794
G1SM52,2.05043625,0.795
G1SXG8,-0.77245606,0.795
G1SQ02,0.597399812,0.797
G1SIB9,-0.658110171,0.798
A0A5F9CR64,-1.872540056,0.799
G1TI39,-0.662061074,0.799
G1U891,2.596996991,0.799
A0A5F9CJW0,-1.955641664,0.8
A0A5F9DM61,-0.824218022,0.8
G1SSX2,0.865656824,0.801
G1STT8,-0.684060565,0.801
G1T060,0.612981658,0.802
G1TCW1,-1.418097857,0.802
G1THL2,1.349698485,0.802
G1U115,0.974276144,0.802
G1SQA1,0.804532112,0.803
O02767,0.65897954,0.803
A0A5F9D9H1,1.675822048,0.804
A0A5F9C422,1.611445334,0.806
G1SNJ7,0.757699302,0.806
G1U5Q7,0.628219254,0.806
G1TFL3,0.782327373,0.808
U3KLZ3,-2.787210504,0.808
A0A5F9CTG8,1.034018158,0.809
G1SIP1,-0.947260281,0.809
G1U9R4,1.471586318,0.809
A0A5F9D3C1,-0.656094925,0.811
A0A5S8I4G7,1.151193883,0.811
A0A5F9DGI5,3.399237382,0.812
G1T6D1,0.781200156,0.812
G1SPT2,-0.738501691,0.813
P05176,1.2988089,0.813
A0A5F9DD98,1.281064343,0.814
G1SJQ8,5.088018766,0.814
G1T1G4,1.040215874,0.814
G1TXU8,0.987873619,0.814
G1U9Q9,-1.252188659,0.814
P27170,-0.93219387,0.814
A0A5F9C3B5,-0.705562597,0.815
A0A5F9CZI7,0.549358055,0.815
A0A5F9DF00,-2.423169997,0.816
G1SWI7,0.618259569,0.817
G1TB64,1.9635614,0.817
G1U6R8,-1.032879799,0.817
A0A5F9D4F9,0.641925962,0.818
A0A5F9DPU4,0.597976672,0.819
G1T720,-3.044348389,0.819
G1SN09,0.696446832,0.82
A0A5F9CNW6,-0.68228897,0.821
G1SCK0,0.85346135,0.821
G1SFD2,0.613314745,0.821
G1T0M2,-1.54358453,0.821
G1TU13,0.713917406,0.821
G1TXX4,0.772069124,0.821
A0A5F9DAJ2,0.691148193,0.822
G1TAH7,-0.645753576,0.822
G1ST15,-1.162407664,0.823
G1SF06,1.091607523,0.825
G1TFW8,1.0953221,0.825
A0A5F9D4P0,-0.566075612,0.826
G1STT3,-1.997696073,0.826
A0A5F9DHU0,-2.206875008,0.827
G1T3I0,-1.014120006,0.827
G1SKT3,1.422888161,0.828
G1SPK4,0.654108507,0.828
G1U9U1,-0.75755665,0.828
G1T0T2,-1.476564291,0.83
G1T361,-0.701469644,0.83
G1TA47,-0.622314652,0.83
G1TIG2,-0.900175236,0.83
G1TJP8,-0.97644451,0.83
A0A5F9DDX0,0.802412429,0.831
G1SKT4,-0.650861111,0.831
A0A5F9DPH3,0.827494132,0.832
G1TBL1,0.988872243,0.833
A0A5F9DIZ4,-0.84552649,0.834
A0A5F9DKA9,1.179182058,0.835
P13491,-0.534250696,0.835
A0A5F9CPU2,0.588778406,0.836
A0A5F9CPX4,-1.552635547,0.836
G1SM50,2.798254228,0.836
G1T524,2.439758797,0.836
G1T9V1,-0.773983053,0.836
G1U045,2.276313946,0.836
A0A5F9DNW8,-0.631231699,0.837
A0A5F9CJ90,1.702693215,0.838
G1SG72,1.759457875,0.838
G1TFC9,1.131509474,0.838
G1TFE0,0.59159786,0.84
G1U3G0,1.544481619,0.84
A0A5F9DSQ7,0.877765054,0.841
G1SK67,1.676795061,0.841
G1SN77,-0.959346272,0.841
G1TAN9,-0.590000315,0.841
G1SQA8,-0.576159559,0.842
G1T5N5,0.509904219,0.842
G1TDA7,1.021658653,0.842
A0A5F9C4H5,1.034804064,0.843
G1SJX3,-1.582710202,0.843
G1ST34,-0.708569114,0.843
G1U7M9,0.767565888,0.843
G1SP32,-0.687307336,0.844
G1TVT0,-0.839435879,0.844
P79226,0.916081114,0.844
G1SIZ2,-0.823958238,0.845
G1T2T5,0.759172589,0.845
G1TV43,-3.794920274,0.845
G1U7D9,1.144977028,0.845
U3KNV6,-0.775328103,0.846
G1T2K5,0.527628309,0.847
P29294,1.59795234,0.847
U3KM78,1.047517327,0.847
G1SK00,-1.627731236,0.848
G1TBH2,0.563387022,0.848
G1TLT8,0.541220586,0.848
P12345,0.575503518,0.848
A0A5F9DNZ0,-0.643516373,0.849
G1SSR3,0.527118121,0.849
P41035,-0.613013166,0.849
A0A5F9CUP1,-1.855218027,0.85
G1SPS5,-0.495877639,0.85
A0A5F9C1D1,0.547670445,0.852
A0A5F9DCX4,0.843820411,0.852
A0A5F9DEG3,0.803799612,0.852
G1SQG5,0.548028041,0.852
G1SW32,-1.399512746,0.852
U3KM71,-1.93054156,0.852
A0A5F9C7A0,-1.056723119,0.853
G1SFV7,-1.715114875,0.853
G1TEQ1,-2.419217841,0.853
A0A5F9DSW5,-0.568997287,0.854
G1SIT9,-1.773761473,0.854
G1SVW5,0.513984397,0.854
A0A5F9C4J3,-3.678876048,0.855
G1T813,-0.749152595,0.855
G1TH09,1.63062237,0.855
G1TTY7,2.709879784,0.855
G1TXB8,-0.582400602,0.855
P11707,1.196253905,0.855
G1STP0,0.516132753,0.856
G1TB49,0.655806085,0.856
G1TBC1,-0.556753208,0.856
G1TF82,-0.79939469,0.856
Q05556,-0.587403547,0.856
A0A5F9C581,0.545831347,0.858
A0A5F9CAH3,1.527326443,0.858
A0A5F9CAV1,-0.715871348,0.858
A0A5F9CHX0,1.039770084,0.859
A0A5F9C8K0,-0.579173303,0.86
A0A5F9CLL5,0.788559856,0.86
G1SPY9,-0.449410937,0.86
G1T0X2,1.606957155,0.86
G1U346,0.783152725,0.86
A0A5F9CAE5,-0.524418811,0.861
A0A5F9D173,-0.637134782,0.861
A0A5F9DIA9,-0.650939163,0.861
G1T8Z0,0.814133777,0.861
Q28719,-1.191246677,0.861
G1SH26,2.355210711,0.862
G1SR03,0.4637068,0.863
G1TGT5,-1.055735017,0.863
G1U4M1,-1.46898658,0.863
G1SIW8,0.485001435,0.864
G1T974,1.819395784,0.864
G1TD61,-1.370906486,0.864
A0A5F9DAX3,-1.598452862,0.865
G1SDG2,-1.836311085,0.865
P62497,0.666800265,0.865
A0A5F9CKD8,-0.658988535,0.866
A0A5F9DKY6,-1.239034212,0.866
G1T2G5,-0.904863615,0.866
G1U5X6,0.498044969,0.866
A0A5F9D7P9,1.030040615,0.867
G1SGG6,-0.882626087,0.867
G1SHS7,-0.582578953,0.867
G1TE64,2.131287428,0.867
P00187,-2.89104709,0.867
G1SL80,-0.460338254,0.868
A0A5F9D2K5,-1.129623139,0.869
G1SG80,-0.602819796,0.87
G1SMS3,0.46113508,0.87
G1T336,0.710440743,0.87
G1TDB3,0.550273015,0.87
A0A5F9CCV3,-1.748385933,0.871
A0A5F9DND9,-0.916501529,0.871
G1SJI5,-1.900849072,0.871
G1SK22,0.989470428,0.871
G1SKD9,0.468040597,0.871
G1SMY7,0.548745485,0.871
G1SSK8,-0.973854361,0.871
G1SU82,-1.796546121,0.871
P00389,0.590619222,0.871
A0A5F9C538,-0.614364075,0.872
G1SY53,3.007491742,0.872
G1U6B2,0.572453174,0.872
Q28717,0.503358726,0.872
G1T301,0.8048941,0.873
A0A5F9CUW7,-0.478916824,0.874
O62742,0.498014568,0.874
O79431,-0.816269169,0.874
P13642,1.99765814,0.874
A0A5F9D8U8,0.931737422,0.875
G1SMT7,0.446158525,0.875
G1TRY5,0.459858183,0.875
A0A5F9D1J7,0.442440629,0.876
A0A5F9DDV3,0.596015431,0.876
B7NZN9,-0.922681349,0.876
G1SRH9,-0.666649804,0.876
G1TIH6,1.695734813,0.877
G1TT75,-0.651427619,0.877
A0A5F9CAA7,-0.913092091,0.878
A0A5F9DDG6,0.699200573,0.878
A0A5F9DPD3,0.75258866,0.878
G1SGH2,0.701044352,0.878
G1TGN3,-0.442258957,0.878
A0A5F9CP04,-0.654813029,0.879
G1SDV3,0.888268493,0.879
G1SUP9,-0.512148133,0.879
G1T3D7,0.43182807,0.879
G1U9S7,0.470553061,0.879
A0A5F9DBY0,0.647032,0.88
G1T5X6,0.492429952,0.88
G1TE13,-0.601120075,0.88
G1TVS8,0.867921379,0.88
A0A5F9CX20,0.815751929,0.881
G1SSR8,0.376599744,0.881
G1SZJ4,-0.526765666,0.881
G1T6W7,0.652534184,0.881
Q8MI17,-0.665705173,0.881
A0A5F9CB17,-1.325892581,0.882
A0A5F9CTB0,-1.411500298,0.882
A0A5F9DCR7,0.548651884,0.882
A0A5F9DNN9,1.014376527,0.882
A0A5F9DQB1,0.398767048,0.882
G1SHG0,-0.650762242,0.882
G1T7P3,3.016741734,0.882
G1T845,-0.603685144,0.882
G1TD51,-0.448249697,0.882
G1TXF9,0.566011321,0.882
P98137,-0.665470938,0.882
G1SLJ8,-0.51525837,0.883
G1SWV6,0.412021449,0.883
G1SYQ5,1.293872988,0.883
G1U9P0,0.589292815,0.883
P16258,0.448830601,0.883
G1SE67,0.540665692,0.884
G1SW67,-0.487983363,0.884
A0A5F9DKI8,-0.53240505,0.885
G1SKL7,-0.399202187,0.885
G1SV03,-0.527135418,0.885
G1U4D2,0.816764735,0.885
Q28618,-0.557361969,0.885
A0A5F9D1W2,-0.427281959,0.886
A0A5F9DPQ6,-1.738238099,0.886
G1SHI0,0.418651019,0.886
G1SKF7,-0.482314501,0.886
G1SQ01,-0.431281086,0.886
G1TA53,-0.580483022,0.886
G1TFU9,0.728655709,0.886
P29562,0.468895274,0.886
Q9N0Z6,0.866100172,0.886
A0A5F9D1L3,-0.472596773,0.887
G1T359,-0.575284174,0.887
G1TNZ3,0.98748052,0.887
A0A5F9D2D2,0.590280203,0.888
A0A5F9DSA7,0.710639096,0.888
G1T4H3,-0.396301712,0.888
G1SDA9,2.118402993,0.889
G1SIW1,0.440968199,0.889
G1SPC7,0.826250118,0.889
G1T8S4,0.405077167,0.889
G1TEV5,-0.496639334,0.889
G1U2Z9,0.408724744,0.889
A0A5F9D9G1,0.389328811,0.89
A0A5F9DPE9,0.354514776,0.89
G1T3V0,0.53834871,0.89
G1T7S1,0.429816545,0.89
G1TMC5,2.393868733,0.89
A0A5F9CH78,1.218991551,0.891
A0A5F9CQI6,0.815320956,0.891
G1T519,0.670757415,0.891
G1TM22,0.759992189,0.891
G1SCD7,-0.477363748,0.892
G1SQK1,-0.453184891,0.892
G1TN62,1.51790492,0.892
A0A5F9DH17,-0.946988942,0.893
G1SP54,-0.415751105,0.893
G1SQ22,0.836132125,0.893
G1T0C1,0.709486203,0.893
G1T3W8,2.106814721,0.893
G1TAE2,0.727851835,0.893
Q8SQG9,-0.582637878,0.893
A0A5F9CFF7,-0.512207942,0.894
A0A5F9CPG8,0.982816222,0.894
G1T7Z6,0.344048616,0.894
G1TET2,0.536088719,0.894
G1TP15,0.656039715,0.894
G1TPV3,-0.623303144,0.894
G1U598,-0.509365177,0.894
A0A5F9DRG0,0.483970303,0.895
G1SEJ4,1.14875569,0.895
G1SS22,-0.536884634,0.895
G1ST90,0.455698138,0.895
G1SUU7,0.409981449,0.895
G1T543,0.404343986,0.895
G1TIW6,0.489343186,0.895
G1TU02,0.752196036,0.895
A0A5F9C434,1.479346579,0.896
G1SYA5,-0.325717846,0.896
G1T9M9,0.404909742,0.896
G1U5U0,0.403060245,0.896
A0A5F9DAA7,-0.457896618,0.897
A0A5F9DLB9,0.66219639,0.897
G1SKJ4,0.718775707,0.897
G1TPW2,-0.336887012,0.897
G1U2Q5,-0.62274408,0.897
G1U3I5,-0.335625257,0.897
P80456,1.751720268,0.897
U3KP75,0.346523038,0.897
A0A5F9C2T5,-0.507823649,0.898
G1SFW1,0.436415533,0.898
G1SMV9,0.302947526,0.898
G1STS0,-1.071612257,0.898
G1STY0,0.405342221,0.898
G1SU89,0.333153892,0.898
P00939,-0.453764531,0.898
U3KM06,0.42578436,0.898
A0A5F9C407,-0.437118152,0.899
A0A5F9CPG0,-0.502403942,0.899
A0A5F9CZN0,0.369197853,0.899
G1SYS5,-0.319264755,0.899
G1T6I6,-0.315235152,0.899
G1TLE8,-0.532876888,0.899
G1U487,-1.018176592,0.899
G1U7L4,-0.35411564,0.899
O19048,0.314673775,0.899
A0A5F9C6F5,-0.390929069,0.9
A0A5F9DS44,-0.394809012,0.9
G1SJB4,-0.34881388,0.9
G1SL41,-0.321917918,0.9
G1SNH7,-0.448854488,0.9
G1SRH7,-2.146308152,0.9
G1TJW1,-0.32559298,0.9
A0A5F9C503,-0.307756457,0.901
G1U118,-1.267805492,0.901
G1U6D0,-0.506646221,0.901
A0A5F9CJ08,1.931950628,0.902
A0A5F9DLZ7,0.386225166,0.902
G1SQS1,-0.452799771,0.902
G1T6C1,0.951514549,0.902
Q95KM0,0.463378755,0.902
A0A5F9CAW7,-0.346836734,0.903
A0A5F9DHA9,-0.355673552,0.903
A0A5F9DM66,1.167834988,0.903
G1SWC0,0.331249593,0.903
G1TGK9,-0.390758884,0.903
G1TKT9,-0.433972239,0.903
Q95MF9,1.001749071,0.903
A0A5F9C255,-1.12881944,0.904
G1SDA8,1.32449269,0.904
G1T1F0,0.475863008,0.904
G1TCZ8,0.600359351,0.904
G1TDT6,0.748048031,0.904
P17177,0.410203917,0.904
A0A5F9C0M1,0.403190502,0.905
A0A5F9D3E2,-0.769087145,0.905
G1SCP8,-0.422428176,0.905
G1SDD0,0.367240797,0.905
G1SIJ7,-0.400457558,0.905
G1T6X7,-0.393618317,0.905
G1TS93,1.058111611,0.905
Q08862,0.30161924,0.905
A0A5F9DCT8,-1.706874093,0.906
G1SIV7,0.396350987,0.906
G1SQB1,0.320963148,0.906
G1T0H6,-0.494987187,0.906
G1T332,0.384222552,0.906
G1T347,0.717803547,0.906
G1T970,0.308107034,0.906
P12530,-1.292357586,0.906
P41111,0.606662484,0.906
A0A5F9CFW9,0.543930147,0.907
A0A5F9D9F3,-0.346027254,0.907
A0A5F9DEV8,0.41173852,0.907
A0A5F9DNC5,0.51136893,0.907
G1STJ2,-1.215889194,0.907
G1T432,0.376115961,0.907
A0A5F9CDI4,1.226873327,0.908
A0A5F9CE16,0.378197593,0.908
G1SEM0,0.37932772,0.908
G1SZ03,-0.446457134,0.908
G1TGQ1,-0.44073224,0.908
G1TN19,0.296739766,0.908
G1TY29,1.371680139,0.908
G1U974,0.323085216,0.908
Q08863,0.46480032,0.908
A0A5F9DPC3,0.421744656,0.909
G1SGP1,1.224856389,0.909
G1SGR6,-0.434522111,0.909
G1SN21,-0.323365062,0.909
G1TUX2,-0.256922724,0.909
G1U032,-0.334847373,0.909
A0A5F9DIJ0,0.302541187,0.91
A0A5F9DNE6,-0.485327071,0.91
G1SU01,-0.369980694,0.91
G1SXQ1,0.885468254,0.91
G1T1H2,0.303209627,0.91
G1TCQ2,1.858814897,0.91
G1TKE8,0.516904884,0.91
O46650,0.468250853,0.91
P00181,0.355242122,0.91
A0A5F9CJG4,1.004937116,0.911
A0A5F9D2Q8,-0.307537019,0.911
G1SI29,-0.263485913,0.911
G1T5E6,0.3881208,0.911
G1TXF6,-0.309496541,0.911
P11974,-0.368063709,0.911
P36514,0.327709971,0.911
A0A5F9C4U8,-0.350766029,0.912
A0A5F9D7C1,-0.445973221,0.912
A0A5F9DNV4,-0.280859737,0.912
G1T7Z0,-0.273563496,0.912
G1TCG5,0.276598953,0.912
G1TRW8,1.039750893,0.912
G1TUE0,0.284893601,0.912
G1U7G6,0.465719338,0.912
P10658,-0.33263576,0.912
P11645,0.556134627,0.912
U3KMH9,-0.365235858,0.912
A0A5F9C7D2,0.357285861,0.913
A0A5F9CJM5,-1.194932673,0.913
A0A5F9CTH0,0.719243486,0.913
A0A5F9DG45,0.437502886,0.913
G1SI54,-0.339509818,0.913
G1SP51,0.495231374,0.913
G1T0V1,-0.400353084,0.913
G1TE35,0.266622464,0.913
O19103,-0.416474158,0.913
P08507,0.299286974,0.913
P36513,-0.296969175,0.913
A0A5F9D7Z7,-0.297630925,0.914
A0A5F9DPF2,-0.405057303,0.914
G1SKN0,-0.265257123,0.914
G1SRE0,-0.308763494,0.914
G1STH0,0.305858876,0.914
G1TM00,-0.249560644,0.914
G1TYM3,-0.861482834,0.914
A0A5F9CBF4,0.266604855,0.915
A0A5F9CCX8,-0.350062358,0.915
A0A5F9DBD2,-0.4185189,0.915
A0A5F9DDL9,-0.25385729,0.915
A0A5F9DLC8,-0.383795194,0.915
G1SF18,-0.744364676,0.915
G1SLD6,0.22069817,0.915
G1SR28,-0.276113502,0.915
G1TAE0,-0.337441736,0.915
G1TVS4,-0.529811858,0.915
P62975,-0.752749102,0.915
A0A5F9DJ89,-0.381723984,0.916
B6V9S9,0.298994752,0.916
G1SGC2,0.590660083,0.916
G1SMZ2,0.353280092,0.916
G1TC07,-0.392441164,0.916
G1U155,-0.588327529,0.916
Q04799,0.260971,0.916
A0A5F9C153,-0.298340218,0.917
A0A5F9DPU2,0.715192626,0.917
G1SYD9,0.221154713,0.917
G1SYE0,0.290155472,0.917
G1T1K7,0.305183689,0.917
G1T386,0.432712765,0.917
G1T3S4,0.503603355,0.917
G1TER3,-0.572831215,0.917
G1TLA5,-0.263079811,0.917
G1TXS5,0.335807501,0.917
P32417,-0.5039573,0.917
A0A5F9C2Q1,0.496472718,0.918
A0A5F9CYK3,-0.266285166,0.918
A0A5F9DGV4,0.200099482,0.918
A0A5F9DRL6,-0.279784701,0.918
A0A5F9DT69,-0.279626859,0.918
G1SHF3,-0.264310017,0.918
G1SIW7,0.319124272,0.918
G1T9T6,0.856875973,0.918
G1TA30,0.220533857,0.918
P51662,-0.621286419,0.918
A0A5F9CFW2,-0.287824364,0.919
A0A5F9CU85,-0.224598274,0.919
A0A5F9DE91,-0.217853163,0.919
A0A5F9DNF9,-0.213599704,0.919
G1SK52,0.250454638,0.919
G1SS18,1.203491044,0.919
G1TTN9,-0.256568801,0.919
G1U410,0.377386593,0.919
G1U9U0,0.19491905,0.919
A0A5F9C0T4,-0.218801194,0.92
A0A5F9CXT8,0.206093969,0.92
A0A5F9DT28,-0.308851526,0.92
G1SCE7,0.24810871,0.92
G1SR29,0.19178426,0.92
G1T120,-0.220715375,0.92
G1T3R2,0.438191152,0.92
G1TAY8,-0.349068007,0.92
G1TIR9,-0.246129512,0.92
G1TJG6,0.266289478,0.92
G1TL06,-0.340558467,0.92
G1TRL8,0.274395933,0.92
Q9TV64,-0.202969736,0.92
A0A5F9C6G3,0.277317522,0.921
A0A5F9DA73,0.341263066,0.921
G1SGB5,-0.499997469,0.921
G1SWY2,0.384567221,0.921
G1SYJ4,0.192916635,0.921
G1T435,0.19396561,0.921
G1TXQ6,0.272002193,0.921
P01832,0.724402989,0.921
A0A5F9C4L5,0.209129665,0.922
A0A5F9CB16,0.21009696,0.922
A0A5F9CB66,-0.209468557,0.922
A0A5S8H548,-0.574253243,0.922
G1SM08,-0.221788221,0.922
G1SN05,0.178917467,0.922
G1SNS5,-0.198305806,0.922
G1TNM3,-0.23701038,0.922
G1TQ58,-0.313632883,0.922
G1TVG8,-0.258310046,0.922
G1U7C6,-0.769082872,0.922
P62143,0.187059276,0.922
A0A5F9DBB4,-0.198576203,0.923
A0A5F9DDY0,0.283220152,0.923
A0A5F9DE09,0.218208391,0.923
A0A5F9DVN5,-0.188045119,0.923
G1SNB4,0.765284964,0.923
G1SQI7,0.25006082,0.923
G1SRD5,-0.246761431,0.923
G1SV32,0.303552879,0.923
G1T134,-0.210449668,0.923
G1T756,-0.320009467,0.923
G1T7G3,0.512351528,0.923
G1T9P2,-0.231019775,0.923
G1TJN0,0.346012103,0.923
G1TSG1,0.308543034,0.923
P14755,0.19849932,0.923
A0A5F9CL34,0.289111667,0.924
A0A5F9CLG3,0.236199871,0.924
A0A5F9CMN8,0.190050071,0.924
G1SG42,-0.167255365,0.924
G1SK48,0.192501212,0.924
G1SKV7,-0.20121887,0.924
G1SP40,0.214534109,0.924
G1SSL0,-0.204384733,0.924
G1T7V5,0.488245952,0.924
G1TBS1,-0.284909623,0.924
G1TM60,0.28535821,0.924
P02252,-0.384373166,0.924
A0A5F9CD14,-0.228126471,0.925
A0A5F9CPT6,-0.156552014,0.925
A0A5F9CUT3,0.369175664,0.925
A0A5F9CW06,-0.20729575,0.925
A0A5F9D1S8,0.200114023,0.925
A0A5F9DEZ3,-0.23171606,0.925
A0A5F9DKR7,-0.264017999,0.925
A0A5F9DUE9,0.369759227,0.925
G1SPR2,-0.378177902,0.925
G1SR25,-0.583922224,0.925
G1SVL7,-0.324683927,0.925
G1TS42,-0.334754272,0.925
O02766,-0.188468682,0.925
A0A5F9CEB1,-0.141117594,0.926
A0A5F9CLN2,-0.191679981,0.926
A0A5F9D3P7,-0.422052206,0.926
G1SCY3,0.274717635,0.926
G1SDU8,0.174538555,0.926
G1SE14,-0.222288585,0.926
G1SH05,0.194469655,0.926
G1SRD2,-0.213923277,0.926
G1T7W7,0.218397577,0.926
G1T9A9,-0.220739228,0.926
G1TCK9,-0.227388964,0.926
G1TQC4,-0.166806534,0.926
A0A5F9CLF4,0.393003694,0.927
A0A5F9CQN2,0.143958292,0.927
A0A5F9D6A8,0.337786817,0.927
A0A5F9DHV4,-0.786457645,0.927
A0A5F9DNQ0,-0.149796828,0.927
G1SF10,0.41723412,0.927
G1SIJ2,-0.139251392,0.927
G1SL42,-0.245874145,0.927
G1SMY3,0.274039288,0.927
G1T4T3,-0.177427083,0.927
G1T4V7,-0.433369023,0.927
G1TD62,-0.15833765,0.927
G1TJ79,0.164000559,0.927
A0A5F9C164,0.259679631,0.928
A0A5F9CTH1,-0.202904414,0.928
A0A5F9D2H9,-0.143248753,0.928
A0A5F9DPL1,0.161850732,0.928
A0A5F9DQR7,-0.144679046,0.928
G1SCW7,0.16274702,0.928
G1SMM6,-0.151928786,0.928
G1T726,-0.152039382,0.928
G1TAW7,0.189059169,0.928
G1THQ5,0.1818491,0.928
A0A5F9C5G3,-0.131651106,0.929
A0A5F9CED7,0.119361063,0.929
A0A5F9CUG0,-0.151171787,0.929
A0A5F9DQF7,-0.341186179,0.929
G1SFS8,0.133274392,0.929
G1SM91,-0.232884053,0.929
G1T7Q5,-0.231195101,0.929
G1T8Y0,-0.166184182,0.929
G1T932,-0.234583105,0.929
G1TH33,0.137483234,0.929
G1TJN8,0.114468766,0.929
G1TR31,-0.222651868,0.929
P11246,0.229205951,0.929
A0A5F9C8S6,0.257268247,0.93
A0A5F9CJJ5,-0.130961147,0.93
A0A5F9CWN9,0.366957464,0.93
A0A5F9CY76,0.192942642,0.93
A0A5F9D345,-0.222774533,0.93
A0A5F9DJ24,0.174658822,0.93
A0A5F9DTD6,-0.146480817,0.93
A0A5F9DTX6,0.177374375,0.93
G1SMG0,-0.2259504,0.93
G1SXN4,0.114577177,0.93
G1T8F7,-0.184464922,0.93
G1T8T7,0.264386727,0.93
G1TPL7,-0.125832194,0.93
G1TX94,0.176170279,0.93
G1U033,0.234163533,0.93
G1U654,0.180225809,0.93
U3KM43,0.145365781,0.93
A0A5F9C0Y5,0.307650257,0.931
A0A5F9DG82,0.182747689,0.931
G1SJZ8,0.115660706,0.931
G1SLD5,-0.132601629,0.931
G1T1U7,0.099142733,0.931
G1TR42,0.127419868,0.931
G1TTJ1,0.123003774,0.931
G1TU17,0.118751377,0.931
G1TUT9,0.167412437,0.931
G1U0Q2,0.648442543,0.931
P00919,0.147906472,0.931
Q7M3I4,0.107226925,0.931
U3KP10,-0.116112097,0.931
A0A5F9C5J1,-0.176411623,0.932
A0A5F9D0S9,-0.175714472,0.932
A0A5F9D9P0,0.148021042,0.932
A0A5F9DBC4,0.100475402,0.932
A0A5F9DR91,0.162092915,0.932
A0A5F9DUI9,0.119583892,0.932
G1SHU3,0.426911062,0.932
G1SIF2,0.14131871,0.932
G1ST96,0.1284497,0.932
G1SZ16,0.109142803,0.932
G1T4K6,0.116171814,0.932
G1TCQ4,-0.121257058,0.932
G1TJ15,0.123360467,0.932
G1U460,0.110403344,0.932
A0A5F9C312,-0.407803104,0.933
A0A5F9CNC6,-0.124645283,0.933
A0A5F9CWV3,0.115034235,0.933
A0A5F9D756,1.185897483,0.933
A0A5F9D8J9,0.130585302,0.933
G1SPZ7,0.107850085,0.933
G1SVD5,0.19541476,0.933
G1SY68,-0.094380982,0.933
G1SZ23,-0.113844378,0.933
G1T782,0.108085807,0.933
G1T960,0.21001241,0.933
G1TNL3,-0.080996222,0.933
G1TS28,0.161737399,0.933
G1U5S4,-0.137213989,0.933
P23612,0.141895683,0.933
Q01971,0.203624091,0.933
A0A5F9CMY2,-0.118028406,0.934
G1SDB3,-0.089620545,0.934
G1SH63,-0.103546692,0.934
G1SMY1,0.102807887,0.934
G1STM6,0.10544707,0.934
G1SWH6,-0.148238772,0.934
G1SWP5,0.148631785,0.934
G1SXZ6,0.158480795,0.934
G1T616,0.115762903,0.934
G1TDI0,-0.100623237,0.934
G1TIC9,0.10459618,0.934
G1TKC4,0.085646159,0.934
P27124,0.105622033,0.934
Q9GKX2,0.111766253,0.934
A0A5F9CAX1,-0.158429372,0.935
A0A5F9CU63,0.092294006,0.935
A0A5F9D4V6,-0.116381766,0.935
A0A5F9DRP1,0.060472891,0.935
G1SL95,0.159417875,0.935
G1SLQ4,0.102223601,0.935
G1T3R4,-0.108779806,0.935
G1TEG1,0.119096292,0.935
G1TI26,0.138726777,0.935
G1TM55,-0.127944323,0.935
G1TMZ2,-0.084234468,0.935
G1TNV7,0.125164829,0.935
G1U642,0.183372283,0.935
G1U9T1,0.092354124,0.935
U3KLT5,0.073109497,0.935
G1SS91,0.11842228,0.936
G1SSL9,-0.062599763,0.936
G1SUY8,0.099736758,0.936
G1SX92,-0.079278156,0.936
G1SY30,0.188794754,0.936
G1SZ14,0.065433265,0.936
G1TES6,-0.067929422,0.936
G1TKG2,0.084048602,0.936
G1TLK9,0.063574581,0.936
P00637,-0.084148314,0.936
Q8HZQ5,0.084372471,0.936
A0A5F9D464,-0.049628744,0.937
A0A5F9DFK3,-0.132014823,0.937
A0A5F9DFZ1,0.133182901,0.937
G1SDB0,-0.137056739,0.937
G1SH60,0.062971663,0.937
G1SIA4,-0.074750949,0.937
G1SJY8,0.087380437,0.937
G1SSC9,0.092659156,0.937
G1SXA5,0.054095547,0.937
G1SY52,-0.071096553,0.937
G1T197,0.062849769,0.937
G1TE41,0.07471192,0.937
G1TRM4,0.064108122,0.937
G1TZB5,0.300851616,0.937
G1U0Q7,-0.056225283,0.937
O77622,-0.054831304,0.937
P68105,0.074281023,0.937
A0A5F9CB11,0.05071293,0.938
A0A5F9CBI8,0.065306745,0.938
A0A5F9DG29,-0.03816288,0.938
G1SLF1,-0.03598446,0.938
G1SRY1,0.049266191,0.938
G1SS70,-0.050556089,0.938
G1T024,-0.069601454,0.938
G1T0H8,0.044038579,0.938
G1T4T5,0.051298147,0.938
G1U0Y6,0.062668492,0.938
Q9TV70,0.054965072,0.938
A0A5F9D8A2,-0.059591772,0.939
G1SFP0,0.020749663,0.939
G1SFV1,-0.034700899,0.939
G1SLI8,0.031696795,0.939
G1SVP7,0.047691243,0.939
G1T671,0.035304709,0.939
G1T8R1,-0.026141648,0.939
G1TNS4,-0.038265152,0.939
P00949,-0.024614489,0.939
A0A5F9C573,0.020720183,0.94
A0A5F9C5I9,0.022901797,0.94
A0A5F9CU16,-0.023046244,0.94
A0A5F9DKC9,0.026477277,0.94
G1SF05,0.011168653,0.94
G1SMA4,-0.043581913,0.94
G1SMM0,-0.026032529,0.94
G1T9U7,-0.039198518,0.94
G1TC19,0.013383638,0.94
G1TCC2,-0.015966472,0.94
G1TRS0,-0.019230678,0.94
P00883,0.015875795,0.94
Q9TT15,-0.033614272,0.94
U3KN77,-0.016617353,0.94
A0A5F9DBQ3,-0.00156966,0.941
A0A5F9DDB7,-0.01039152,0.941
A0A5F9DPE4,0.009215825,0.941
G1SCN8,-0.0109089,0.941
G1SHZ8,0.005579576,0.941
G1SL97,-0.013914997,0.941
G1SNY0,0.001656786,0.941
G1SSZ8,-0.009024494,0.941
G1SV13,-0.000333483,0.941
G1T161,-0.004248594,0.941
G1T1M5,0.00766565,0.941
G1T295,-0.003027852,0.941
G1T2J0,0.017023914,0.941
G1TZE2,-0.008191137,0.941
G1U5L6,0.002402802,0.941
G1U5N5,0.001900226,0.941
P30947,0.004102494,0.941
P36512,0.006398131,0.941
U3KPM4,-0.001147748,0.941
